"check_id","connection","item","expected_previous_end","expected_next_start","actual_previous_frame","actual_next_frame","human_check","issue","fix","status"
"CN01","EP01→EP02","人物位置","男左朝右；女右朝左","相同，无换边","","","","","","NOT_RUN"
"CN02","EP01→EP02","旧书状态","闭合柜台中央，脊朝左，浅磨痕","完全相同，未拿走","","","","","","NOT_RUN"
"CN03","EP01→EP02","情绪","有限和解；许远停止问价","许远急于帮忙有旧习惯原因，林岚仍有边界","","","","","","NOT_RUN"
"CN04","EP02→EP03","人物位置/衣物","原位；原衣物/包带","相同傍晚连续谈话","","","","","","NOT_RUN"
"CN05","EP02→EP03","旧书状态","未递书，闭合中央","相同，不出现新信封或手机","","","","","","NOT_RUN"
"CN06","EP02→EP03","情绪","愿意先询问/听回答","急于许保证，但先前倾听没有抹掉","","","","","","NOT_RUN"
"CN07","EP01/02/03","光线/画风","右侧暖光，母图画风","三集不跳冷暖/卡通/脸形","","","","","","NOT_RUN"
"CN08","EP01/02/03","声音/字幕","A1_M男/A2_F女；统一字体","当集D稿独立音频/字幕，无错集复用","","","","","","NOT_RUN"
"CN09","EP03结尾","未来约定口径","周六四点是未来计划","未拍实际到访，不宣称已兑现","","","","","","NOT_RUN"

