"record_id","state","segment","start_s","end_s","expected","observed","suspected_layer","one_change","keep_items","new_task_id","result"
"SIM-01","SIMULATED","S03","2.4","4.0","林岚深绿围裙稳定","围裙中途变蓝","","","","","待学员判断"
"SIM-02","SIMULATED","S06","1.8","3.1","许远包带左肩至右腰","动起来后包带左右反转","","","","","待学员判断"
"SIM-03","SIMULATED","S05","2.0","3.0","旧书闭合不动","旧书突然打开又合上","","","","","待学员判断"
"SIM-04","SIMULATED","S03","0.0","0.0","林岚右侧看左","输入静帧已让林岚左侧看左","","","","","待学员判断"
"SIM-05","SIMULATED","S07-D12","0.8","3.6","你没欠我一本书的钱","模拟音频漏掉没","","","","","待学员判断"
"SIM-06","SIMULATED","S06-D10","1.0","4.0","声音准确且口型对应","声音准确但嘴持续说别的","","","","","待学员判断"
"SIM-07","SIMULATED","S05-S06","0.0","0.0","林岚右看左与许远左看右衔接","单镜稳定但剪回后两人看同方向","","","","","待学员判断"
"SIM-08","SIMULATED","S06","5.6","6.0","稳定结尾并留剪接余量","最后0.4秒换脸此前动作完整","","","","","待学员判断"
"REAL-TEMPLATE","NOT_RUN","","","","","","","","","","本人执行后另存真实记录"
