"episode","shot_id","start_s","end_s","duration_s","action","dialogue","audio","camera","reference","cutCondition","continuity","generationAcceptance","coveragePlan","actual_clip_paths","actual_status"
"EP01","EP01-S01","0","8","8","旧书特写；许远已站到柜台前，人物在景外；旧书前景不动，声音先到；建立这个道具与过去有关","D01 许远：这本书……还没卖？","D01→A1_M；A3_AMB贯穿；A4_MUS选用有权使用的极轻器乐，无声也可","特写，50mm等效仅作构图语言；锁定机位，无推拉","REF-EP01-S01+REF-B01","D01问完后留一拍，切到许远脸","闭合旧书居柜台中间，书脊画面左；两人的位置尚不换边","旧书封面浅磨痕、米黄色纸边稳定；无画面字、无额外手伸入","旧书特写可使用已验收静帧作局部插镜，对白为画外；不得把全片都做成静图后称AI短剧毕业。","","NOT_RUN"
"EP01","EP01-S02","8","18","10","许远单人中近景，面向画面右；提出买书，用交易遮住尴尬；手低于画框","D02 许远：这本书，我买。多少钱？ / D03 许远：六年了，没想到还在。","D02→A1_M；D03→A1_M；A3_AMB贯穿；A4_MUS选用有权使用的极轻器乐，无声也可","中近景，平视；最多轻微编辑器推近，主体不可被裁","REF-M01+REF-EP01-S01","D03结束后看店长约一拍，切女单人","短黑发、藏蓝外套、棕色斜挎包；包带从左肩向右腰","只出现许远一张正脸，年龄约30，衣色包带不变；不掏钱不拍递物","基础：保留该角色的无对白动态表情/动作，D对白窗口可切同一旧书插镜或对方动态听话反应；说话者若嘴部清楚可见就须配对应口型，不能用嘴不动特写假装说话。进阶：先验收一个单角色2–4秒对应D句的口型小样，再扩展主镜；主镜/反应/插镜按最终音频拼接成本段，短素材不靠循环整段口型凑时长。","","NOT_RUN"
"EP01","EP01-S03","18","28","10","林岚单人中近景，面向画面左；拒绝报价；抬眼，身体保持在柜台后","D04 林岚：还在。但不卖。 / D05 林岚：你再出多少钱，也不卖。","D04→A2_F；D05→A2_F；A3_AMB贯穿；A4_MUS选用有权使用的极轻器乐，无声也可","中近景，平视，固定；与S02相同相机轴线一侧","REF-F01+REF-EP01-S01","D05落在“不卖”后，切男方反应","27岁、黑发及肩略过肩、米白针织衫、深绿围裙；无新增首饰","不是愤怒哭喊；右侧暖光、左向视线；没有第二张说话脸","基础：保留该角色的无对白动态表情/动作，D对白窗口可切同一旧书插镜或对方动态听话反应；说话者若嘴部清楚可见就须配对应口型，不能用嘴不动特写假装说话。进阶：先验收一个单角色2–4秒对应D句的口型小样，再扩展主镜；主镜/反应/插镜按最终音频拼接成本段，短素材不靠循环整段口型凑时长。","","NOT_RUN"
"EP01","EP01-S04","28","38","10","许远单人中近景，仍面向右；承认突然离开，却再次提出花钱补偿；笑意消失","D06 许远：我知道，当年走得太突然。 / D07 许远：你开个价，就当我补上。","D06→A1_M；D07→A1_M；A3_AMB贯穿；A4_MUS选用有权使用的极轻器乐，无声也可","与S02同构图，固定；不用复杂肩越镜","REF-M01+EP01-S02已验收帧","D07说完轻停，切到女方解释","沿用S02面部与包带；旧书不被移动，不露新道具","眼神和语气变化可见，发型外套不换；嘴形若使用口型只对应D06/D07","基础：保留该角色的无对白动态表情/动作，D对白窗口可切同一旧书插镜或对方动态听话反应；说话者若嘴部清楚可见就须配对应口型，不能用嘴不动特写假装说话。进阶：先验收一个单角色2–4秒对应D句的口型小样，再扩展主镜；主镜/反应/插镜按最终音频拼接成本段，短素材不靠循环整段口型凑时长。","","NOT_RUN"
"EP01","EP01-S05","38","50","12","林岚单人近景，面向左；揭示旧书是替他保留的；目光短暂落书再看人","D08 林岚：这不是货，是你留下的。 / D09 林岚：你说，等回来，再读最后一页。","D08→A2_F；D09→A2_F；A3_AMB贯穿；A4_MUS选用有权使用的极轻器乐，无声也可","近景，固定，画面下部留字幕空位；不需要摸书","REF-F01+EP01-S03已验收帧","D09“最后一页”之后留一拍，让反转落地","书店暖色不跳冷色；围裙与发长不变；无闪回第三人","情绪为伤感且克制；不新增书内文字，不开书；音画任务只有这一人","基础：保留该角色的无对白动态表情/动作，D对白窗口可切同一旧书插镜或对方动态听话反应；说话者若嘴部清楚可见就须配对应口型，不能用嘴不动特写假装说话。进阶：先验收一个单角色2–4秒对应D句的口型小样，再扩展主镜；主镜/反应/插镜按最终音频拼接成本段，短素材不靠循环整段口型凑时长。","","NOT_RUN"
"EP01","EP01-S06","50","62","12","许远单人近景，面向右；反应：第一次停止找价格，承认逃避告别；下颌放松","D10 许远：我那时，连再见都不敢说。 / D11 许远：以为买回去，就能当没发生。","D10→A1_M；D11→A1_M；A3_AMB贯穿；A4_MUS选用有权使用的极轻器乐，无声也可","近景，固定；前2秒可用安静反应，随后单人说话","REF-M01+EP01-S04已验收帧","D11落下后留约2秒，切店长，别用转场遮反应","沿用同一男性脸形、短黑发和包带；视线仍向右","羞愧靠眼神与呼吸，不要求落泪；没有变年轻或换脸","基础：保留该角色的无对白动态表情/动作，D对白窗口可切同一旧书插镜或对方动态听话反应；说话者若嘴部清楚可见就须配对应口型，不能用嘴不动特写假装说话。进阶：先验收一个单角色2–4秒对应D句的口型小样，再扩展主镜；主镜/反应/插镜按最终音频拼接成本段，短素材不靠循环整段口型凑时长。","","NOT_RUN"
"EP01","EP01-S07","62","74","12","林岚单人近景，面向左；把需要说清：不是要钱，而是不想再替他处理不告而别","D12 林岚：你没欠我一本书的钱。 / D13 林岚：我只是不想，再替你收一次尾。","D12→A2_F；D13→A2_F；A3_AMB贯穿；A4_MUS选用有权使用的极轻器乐，无声也可","与S05同构图，固定；嘴形仅对应D12/D13","REF-F01+EP01-S05已验收帧","D13结束停约3秒，切旧书，保留迟到道歉的空间","表情由防备变柔和但无夸张笑；位置未交换","“没欠钱”的意思靠对白明确；镜头不凭空加账单或字卡","基础：保留该角色的无对白动态表情/动作，D对白窗口可切同一旧书插镜或对方动态听话反应；说话者若嘴部清楚可见就须配对应口型，不能用嘴不动特写假装说话。进阶：先验收一个单角色2–4秒对应D句的口型小样，再扩展主镜；主镜/反应/插镜按最终音频拼接成本段，短素材不靠循环整段口型凑时长。","","NOT_RUN"
"EP01","EP01-S08","74","84","10","回到旧书特写，画面内无人嘴部；书仍在两人之间；两角色画外依次道歉、招呼、回应","D14 许远：对不起。 / D15 许远：你好。我回来了。 / D16 林岚：这次，先打声招呼。","D14→A1_M；D15→A1_M；D16→A2_F；A3_AMB贯穿；A4_MUS选用有权使用的极轻器乐，无声也可","重复S01机位；固定，最后0.6秒保持完整尾帧","REF-EP01-S01+REF-B01+EP01-S01已验收帧","D16结束后保留0.6秒再结束；完整尾帧，不黑场截字","旧书闭合、同方向同磨痕同位置；不拍递书或拿书","D14/D15只有男轨，D16只有女轨，绝不同时说；无书移动和手部变形","旧书特写可使用已验收静帧作局部插镜，对白为画外；不得把全片都做成静图后称AI短剧毕业。","","NOT_RUN"
"EP02","EP02-S01","0","8","8","旧书特写，许远画外立即提出留下帮忙，暴露急于补偿的习惯","EP02-D01 许远：我留下来帮你吧。","EP02-D01→A1_M；沿用A3_AMB/A4_MUS权利条件","特写，50mm等效仅作构图语言；锁定机位，无推拉","REF-EP02-S01+REF-B01","本段末句后留反应再直切；边界按实际录音重定","同一傍晚；男左向右、女右向左；原衣物包带，右暖光，旧书闭合柜台中央书脊向左","角色与参考一致且有本段情绪变化；不换脸/衣色/站位，不新增字/第三人/手部动作；可见说话嘴部完成对应D句口型或切画外对白覆盖","旧书特写可使用已验收静帧作局部插镜，对白为画外；不得把全片都做成静图后称AI短剧毕业。","","NOT_RUN"
"EP02","EP02-S02","8","18","10","许远朝右单人表情，想证明这次不逃；对白可落在林岚朝左动态听话反应/同书插镜","EP02-D02 许远：收店、理书，我都能做。 / EP02-D03 许远：这回，我不会再跑了。","EP02-D02→A1_M；EP02-D03→A1_M；沿用A3_AMB/A4_MUS权利条件","中近景，平视；最多轻微编辑器推近，主体不可被裁","REF-M01+REF-EP02-S01","本段末句后留反应再直切；边界按实际录音重定","同一傍晚；男左向右、女右向左；原衣物包带，右暖光，旧书闭合柜台中央书脊向左","角色与参考一致且有本段情绪变化；不换脸/衣色/站位，不新增字/第三人/手部动作；可见说话嘴部完成对应D句口型或切画外对白覆盖","基础：保留该角色的无对白动态表情/动作，D对白窗口可切同一旧书插镜或对方动态听话反应；说话者若嘴部清楚可见就须配对应口型，不能用嘴不动特写假装说话。进阶：先验收一个单角色2–4秒对应D句的口型小样，再扩展主镜；主镜/反应/插镜按最终音频拼接成本段，短素材不靠循环整段口型凑时长。","","NOT_RUN"
"EP02","EP02-S03","18","28","10","林岚朝左抬眼拒绝擅自安排；对白可落在许远朝右动态听话反应/书插镜","EP02-D04 林岚：先别替我安排。 / EP02-D05 林岚：你还没问，我需不需要。","EP02-D04→A2_F；EP02-D05→A2_F；沿用A3_AMB/A4_MUS权利条件","中近景，平视，固定；与S02相同相机轴线一侧","REF-F01+REF-EP02-S01","本段末句后留反应再直切；边界按实际录音重定","同一傍晚；男左向右、女右向左；原衣物包带，右暖光，旧书闭合柜台中央书脊向左","角色与参考一致且有本段情绪变化；不换脸/衣色/站位，不新增字/第三人/手部动作；可见说话嘴部完成对应D句口型或切画外对白覆盖","基础：保留该角色的无对白动态表情/动作，D对白窗口可切同一旧书插镜或对方动态听话反应；说话者若嘴部清楚可见就须配对应口型，不能用嘴不动特写假装说话。进阶：先验收一个单角色2–4秒对应D句的口型小样，再扩展主镜；主镜/反应/插镜按最终音频拼接成本段，短素材不靠循环整段口型凑时长。","","NOT_RUN"
"EP02","EP02-S04","28","38","10","许远朝右表情收紧，反问帮忙也不行，透露没有听见她的边界","EP02-D06 许远：我只是想让你少辛苦一点。 / EP02-D07 许远：这也不行吗？","EP02-D06→A1_M；EP02-D07→A1_M；沿用A3_AMB/A4_MUS权利条件","与S02同构图，固定；不用复杂肩越镜","REF-M01+EP02-S02已验收帧","本段末句后留反应再直切；边界按实际录音重定","同一傍晚；男左向右、女右向左；原衣物包带，右暖光，旧书闭合柜台中央书脊向左","角色与参考一致且有本段情绪变化；不换脸/衣色/站位，不新增字/第三人/手部动作；可见说话嘴部完成对应D句口型或切画外对白覆盖","基础：保留该角色的无对白动态表情/动作，D对白窗口可切同一旧书插镜或对方动态听话反应；说话者若嘴部清楚可见就须配对应口型，不能用嘴不动特写假装说话。进阶：先验收一个单角色2–4秒对应D句的口型小样，再扩展主镜；主镜/反应/插镜按最终音频拼接成本段，短素材不靠循环整段口型凑时长。","","NOT_RUN"
"EP02","EP02-S05","38","50","12","林岚朝左克制解释，帮忙可以但要先听；这是本集反转","EP02-D08 林岚：帮忙当然可以。 / EP02-D09 林岚：但你忙着证明自己，没听我说话。","EP02-D08→A2_F；EP02-D09→A2_F；沿用A3_AMB/A4_MUS权利条件","近景，固定，画面下部留字幕空位；不需要摸书","REF-F01+EP02-S03已验收帧","本段末句后留反应再直切；边界按实际录音重定","同一傍晚；男左向右、女右向左；原衣物包带，右暖光，旧书闭合柜台中央书脊向左","角色与参考一致且有本段情绪变化；不换脸/衣色/站位，不新增字/第三人/手部动作；可见说话嘴部完成对应D句口型或切画外对白覆盖","基础：保留该角色的无对白动态表情/动作，D对白窗口可切同一旧书插镜或对方动态听话反应；说话者若嘴部清楚可见就须配对应口型，不能用嘴不动特写假装说话。进阶：先验收一个单角色2–4秒对应D句的口型小样，再扩展主镜；主镜/反应/插镜按最终音频拼接成本段，短素材不靠循环整段口型凑时长。","","NOT_RUN"
"EP02","EP02-S06","50","62","12","许远朝右沉默后承认自己急于过关，肩部放松","EP02-D10 许远：刚才问价，现在又抢着帮。 / EP02-D11 许远：我还是想，赶紧过这一关。","EP02-D10→A1_M；EP02-D11→A1_M；沿用A3_AMB/A4_MUS权利条件","近景，固定；前2秒可用安静反应，随后单人说话","REF-M01+EP02-S04已验收帧","本段末句后留反应再直切；边界按实际录音重定","同一傍晚；男左向右、女右向左；原衣物包带，右暖光，旧书闭合柜台中央书脊向左","角色与参考一致且有本段情绪变化；不换脸/衣色/站位，不新增字/第三人/手部动作；可见说话嘴部完成对应D句口型或切画外对白覆盖","基础：保留该角色的无对白动态表情/动作，D对白窗口可切同一旧书插镜或对方动态听话反应；说话者若嘴部清楚可见就须配对应口型，不能用嘴不动特写假装说话。进阶：先验收一个单角色2–4秒对应D句的口型小样，再扩展主镜；主镜/反应/插镜按最终音频拼接成本段，短素材不靠循环整段口型凑时长。","","NOT_RUN"
"EP02","EP02-S07","62","74","12","林岚朝左明确先问再等回答，语气比EP01柔和但有边界","EP02-D12 林岚：我不用你替我过关。 / EP02-D13 林岚：你先问一句，等我回答。","EP02-D12→A2_F；EP02-D13→A2_F；沿用A3_AMB/A4_MUS权利条件","与S05同构图，固定；嘴形仅对应D12/D13","REF-F01+EP02-S05已验收帧","本段末句后留反应再直切；边界按实际录音重定","同一傍晚；男左向右、女右向左；原衣物包带，右暖光，旧书闭合柜台中央书脊向左","角色与参考一致且有本段情绪变化；不换脸/衣色/站位，不新增字/第三人/手部动作；可见说话嘴部完成对应D句口型或切画外对白覆盖","基础：保留该角色的无对白动态表情/动作，D对白窗口可切同一旧书插镜或对方动态听话反应；说话者若嘴部清楚可见就须配对应口型，不能用嘴不动特写假装说话。进阶：先验收一个单角色2–4秒对应D句的口型小样，再扩展主镜；主镜/反应/插镜按最终音频拼接成本段，短素材不靠循环整段口型凑时长。","","NOT_RUN"
"EP02","EP02-S08","74","84","10","旧书特写不动；男画外先询问，女画外请他继续把话说完","EP02-D14 许远：那我先问。 / EP02-D15 许远：你现在，需要我做什么？ / EP02-D16 林岚：把没说完的话，说完。","EP02-D14→A1_M；EP02-D15→A1_M；EP02-D16→A2_F；沿用A3_AMB/A4_MUS权利条件","重复S01机位；固定，最后0.6秒保持完整尾帧","REF-EP02-S01+REF-B01+EP02-S01已验收帧","末句结束后保留0.6秒完整尾帧，旧书不移","同一傍晚；男左向右、女右向左；原衣物包带，右暖光，旧书闭合柜台中央书脊向左","角色与参考一致且有本段情绪变化；不换脸/衣色/站位，不新增字/第三人/手部动作；可见说话嘴部完成对应D句口型或切画外对白覆盖","旧书特写可使用已验收静帧作局部插镜，对白为画外；不得把全片都做成静图后称AI短剧毕业。","","NOT_RUN"
"EP03","EP03-S01","0","8","8","旧书特写，许远画外立刻许下每天来大保证","EP03-D01 许远：以后，我每天都来。","EP03-D01→A1_M；沿用A3_AMB/A4_MUS权利条件","特写，50mm等效仅作构图语言；锁定机位，无推拉","REF-EP03-S01+REF-B01","本段末句后留接受/疑问的反应再直切；边界按实际录音重定","同一傍晚；男左向右、女右向左；原衣物包带，右暖光，旧书闭合柜台中央书脊向左","角色与参考一致且有本段情绪变化；不换脸/衣色/站位，不新增字/第三人/手部动作；可见说话嘴部完成对应D句口型或切画外对白覆盖","旧书特写可使用已验收静帧作局部插镜，对白为画外；不得把全片都做成静图后称AI短剧毕业。","","NOT_RUN"
"EP03","EP03-S02","8","18","10","许远朝右想证明可靠，反应略急；对白可接林岚朝左听话反应","EP03-D02 许远：这回，我一定说到做到。 / EP03-D03 许远：你放心，书也不会再落下。","EP03-D02→A1_M；EP03-D03→A1_M；沿用A3_AMB/A4_MUS权利条件","中近景，平视；最多轻微编辑器推近，主体不可被裁","REF-M01+REF-EP03-S01","本段末句后留接受/疑问的反应再直切；边界按实际录音重定","同一傍晚；男左向右、女右向左；原衣物包带，右暖光，旧书闭合柜台中央书脊向左","角色与参考一致且有本段情绪变化；不换脸/衣色/站位，不新增字/第三人/手部动作；可见说话嘴部完成对应D句口型或切画外对白覆盖","基础：保留该角色的无对白动态表情/动作，D对白窗口可切同一旧书插镜或对方动态听话反应；说话者若嘴部清楚可见就须配对应口型，不能用嘴不动特写假装说话。进阶：先验收一个单角色2–4秒对应D句的口型小样，再扩展主镜；主镜/反应/插镜按最终音频拼接成本段，短素材不靠循环整段口型凑时长。","","NOT_RUN"
"EP03","EP03-S03","18","28","10","林岚朝左温和拒绝大承诺，要求一件真实能做的事","EP03-D04 林岚：别急着保证每天。 / EP03-D05 林岚：先说一个，你真能做到的。","EP03-D04→A2_F；EP03-D05→A2_F；沿用A3_AMB/A4_MUS权利条件","中近景，平视，固定；与S02相同相机轴线一侧","REF-F01+REF-EP03-S01","本段末句后留接受/疑问的反应再直切；边界按实际录音重定","同一傍晚；男左向右、女右向左；原衣物包带，右暖光，旧书闭合柜台中央书脊向左","角色与参考一致且有本段情绪变化；不换脸/衣色/站位，不新增字/第三人/手部动作；可见说话嘴部完成对应D句口型或切画外对白覆盖","基础：保留该角色的无对白动态表情/动作，D对白窗口可切同一旧书插镜或对方动态听话反应；说话者若嘴部清楚可见就须配对应口型，不能用嘴不动特写假装说话。进阶：先验收一个单角色2–4秒对应D句的口型小样，再扩展主镜；主镜/反应/插镜按最终音频拼接成本段，短素材不靠循环整段口型凑时长。","","NOT_RUN"
"EP03","EP03-S04","28","38","10","许远朝右疑惑，一个安排能抵过六年吗","EP03-D06 许远：一个，会不会太少？ / EP03-D07 许远：我欠了六年的解释。","EP03-D06→A1_M；EP03-D07→A1_M；沿用A3_AMB/A4_MUS权利条件","与S02同构图，固定；不用复杂肩越镜","REF-M01+EP03-S02已验收帧","本段末句后留接受/疑问的反应再直切；边界按实际录音重定","同一傍晚；男左向右、女右向左；原衣物包带，右暖光，旧书闭合柜台中央书脊向左","角色与参考一致且有本段情绪变化；不换脸/衣色/站位，不新增字/第三人/手部动作；可见说话嘴部完成对应D句口型或切画外对白覆盖","基础：保留该角色的无对白动态表情/动作，D对白窗口可切同一旧书插镜或对方动态听话反应；说话者若嘴部清楚可见就须配对应口型，不能用嘴不动特写假装说话。进阶：先验收一个单角色2–4秒对应D句的口型小样，再扩展主镜；主镜/反应/插镜按最终音频拼接成本段，短素材不靠循环整段口型凑时长。","","NOT_RUN"
"EP03","EP03-S05","38","50","12","林岚朝左揭示不必补偿六年，只要说清来不了的安排；本集反转","EP03-D08 林岚：你欠的，是说清楚。 / EP03-D09 林岚：来不了也告诉我，不用让我猜。","EP03-D08→A2_F；EP03-D09→A2_F；沿用A3_AMB/A4_MUS权利条件","近景，固定，画面下部留字幕空位；不需要摸书","REF-F01+EP03-S03已验收帧","本段末句后留接受/疑问的反应再直切；边界按实际录音重定","同一傍晚；男左向右、女右向左；原衣物包带，右暖光，旧书闭合柜台中央书脊向左","角色与参考一致且有本段情绪变化；不换脸/衣色/站位，不新增字/第三人/手部动作；可见说话嘴部完成对应D句口型或切画外对白覆盖","基础：保留该角色的无对白动态表情/动作，D对白窗口可切同一旧书插镜或对方动态听话反应；说话者若嘴部清楚可见就须配对应口型，不能用嘴不动特写假装说话。进阶：先验收一个单角色2–4秒对应D句的口型小样，再扩展主镜；主镜/反应/插镜按最终音频拼接成本段，短素材不靠循环整段口型凑时长。","","NOT_RUN"
"EP03","EP03-S06","50","62","12","许远朝右放慢，给出周六四点和变动提前说的具体安排","EP03-D10 许远：那就周六，下午四点。 / EP03-D11 许远：有变化，我会提前告诉你。","EP03-D10→A1_M；EP03-D11→A1_M；沿用A3_AMB/A4_MUS权利条件","近景，固定；前2秒可用安静反应，随后单人说话","REF-M01+EP03-S04已验收帧","本段末句后留接受/疑问的反应再直切；边界按实际录音重定","同一傍晚；男左向右、女右向左；原衣物包带，右暖光，旧书闭合柜台中央书脊向左","角色与参考一致且有本段情绪变化；不换脸/衣色/站位，不新增字/第三人/手部动作；可见说话嘴部完成对应D句口型或切画外对白覆盖","基础：保留该角色的无对白动态表情/动作，D对白窗口可切同一旧书插镜或对方动态听话反应；说话者若嘴部清楚可见就须配对应口型，不能用嘴不动特写假装说话。进阶：先验收一个单角色2–4秒对应D句的口型小样，再扩展主镜；主镜/反应/插镜按最终音频拼接成本段，短素材不靠循环整段口型凑时长。","","NOT_RUN"
"EP03","EP03-S07","62","74","12","林岚朝左接受小约定，眼神轻松，没有哭泣或拥抱","EP03-D12 林岚：好。那就周六四点。 / EP03-D13 林岚：不是等你的保证，是等你来。","EP03-D12→A2_F；EP03-D13→A2_F；沿用A3_AMB/A4_MUS权利条件","与S05同构图，固定；嘴形仅对应D12/D13","REF-F01+EP03-S05已验收帧","本段末句后留接受/疑问的反应再直切；边界按实际录音重定","同一傍晚；男左向右、女右向左；原衣物包带，右暖光，旧书闭合柜台中央书脊向左","角色与参考一致且有本段情绪变化；不换脸/衣色/站位，不新增字/第三人/手部动作；可见说话嘴部完成对应D句口型或切画外对白覆盖","基础：保留该角色的无对白动态表情/动作，D对白窗口可切同一旧书插镜或对方动态听话反应；说话者若嘴部清楚可见就须配对应口型，不能用嘴不动特写假装说话。进阶：先验收一个单角色2–4秒对应D句的口型小样，再扩展主镜；主镜/反应/插镜按最终音频拼接成本段，短素材不靠循环整段口型凑时长。","","NOT_RUN"
"EP03","EP03-S08","74","84","10","同一本旧书仍在柜台；两声画外确认小约定与告知，不拍递书","EP03-D14 许远：周六四点。 / EP03-D15 许远：有变化，我先说。 / EP03-D16 林岚：好。这次，不用我猜。","EP03-D14→A1_M；EP03-D15→A1_M；EP03-D16→A2_F；沿用A3_AMB/A4_MUS权利条件","重复S01机位；固定，最后0.6秒保持完整尾帧","REF-EP03-S01+REF-B01+EP03-S01已验收帧","末句结束后保留0.6秒完整尾帧，旧书不移","同一傍晚；男左向右、女右向左；原衣物包带，右暖光，旧书闭合柜台中央书脊向左","角色与参考一致且有本段情绪变化；不换脸/衣色/站位，不新增字/第三人/手部动作；可见说话嘴部完成对应D句口型或切画外对白覆盖","旧书特写可使用已验收静帧作局部插镜，对白为画外；不得把全片都做成静图后称AI短剧毕业。","","NOT_RUN"
