"cue_id","shot","plan_start_s","plan_end_s","speaker","track","text","delivery","suggested_actual_file","actual_start_s","actual_end_s","status"
"D01","S01","0.8","4","许远","A1_M","这本书……还没卖？","压低声音，试探；不是质问","EP01_D01_A1_M.wav","","","NOT_RUN"
"D02","S02","8.8","12.2","许远","A1_M","这本书，我买。多少钱？","故作轻松，短暂停在“我买”后","EP01_D02_A1_M.wav","","","NOT_RUN"
"D03","S02","13.5","16.8","许远","A1_M","六年了，没想到还在。","看旧书，笑意收住","EP01_D03_A1_M.wav","","","NOT_RUN"
"D04","S03","18.8","21.6","林岚","A2_F","还在。但不卖。","平静，眼睛不回避","EP01_D04_A2_F.wav","","","NOT_RUN"
"D05","S03","23","26.4","林岚","A2_F","你再出多少钱，也不卖。","语气坚定，不吼","EP01_D05_A2_F.wav","","","NOT_RUN"
"D06","S04","29","32.2","许远","A1_M","我知道，当年走得太突然。","第一次承认，仍急于结束","EP01_D06_A1_M.wav","","","NOT_RUN"
"D07","S04","33.2","36.8","许远","A1_M","你开个价，就当我补上。","自以为给出解决办法","EP01_D07_A1_M.wav","","","NOT_RUN"
"D08","S05","39","42.4","林岚","A2_F","这不是货，是你留下的。","放慢“你留下的”，解除误会","EP01_D08_A2_F.wav","","","NOT_RUN"
"D09","S05","44","48.5","林岚","A2_F","你说，等回来，再读最后一页。","轻声忆述，不模仿过去声音","EP01_D09_A2_F.wav","","","NOT_RUN"
"D10","S06","51","54","许远","A1_M","我那时，连再见都不敢说。","眼神落下，吞掉轻笑","EP01_D10_A1_M.wav","","","NOT_RUN"
"D11","S06","55.6","59.6","许远","A1_M","以为买回去，就能当没发生。","说给自己听，末尾不哭喊","EP01_D11_A1_M.wav","","","NOT_RUN"
"D12","S07","63","65.8","林岚","A2_F","你没欠我一本书的钱。","松开防备，不立刻原谅全部","EP01_D12_A2_F.wav","","","NOT_RUN"
"D13","S07","67","71","林岚","A2_F","我只是不想，再替你收一次尾。","把“收一次尾”说完整，留出呼吸","EP01_D13_A2_F.wav","","","NOT_RUN"
"D14","S08","74.6","76.2","许远","A1_M","对不起。","看着对方，画面不拍嘴","EP01_D14_A1_M.wav","","","NOT_RUN"
"D15","S08","77","79.6","许远","A1_M","你好。我回来了。","郑重而不隆重；停顿在句号","EP01_D15_A1_M.wav","","","NOT_RUN"
"D16","S08","80.4","83.4","林岚","A2_F","这次，先打声招呼。","轻微笑意；含义是下次离开或回来都告知","EP01_D16_A2_F.wav","","","NOT_RUN"

