"defect_id","symptom","first_check","likely_boundary","minimal_rework","adopt_verify","cost_rule","status"
"R01","女角色换脸或发长变","对比REF-F01与候选首中尾","首帧错或运动后漂移","首帧错修母图；运动后错缩减动作再做短段","脸与及肩黑发全段一致，记录片段路径","只重做该镜，先记录实际扣费","NOT_RUN"
"R02","男衣色/包带忽变","对比REF-M01与前一镜","参考绑定或生成变化","固定海军蓝外套、灰内衫、棕包带方向，少动作","首中尾与前镜一致","不同时换模型/画风/动作","NOT_RUN"
"R03","角色看向同一方向像没在对话","检查左右和相机轴线","分镜/首帧构图","恢复男左朝右、女右朝左，同侧机位","两镜连看视线能对接","先修首帧，别加转场遮","NOT_RUN"
"R04","书忽开忽合或颜色/磨痕变","比较REF-B01与S01/S08","输入缺参照或运动过复杂","从同一本书参考做特写，保持闭合不翻页","位置方向纸边磨痕一致","书特写可局部静帧补救","NOT_RUN"
"R05","脸清楚但嘴不动被当说台词","核台词发生时画面嘴部","声音覆盖/口型边界","用对应单人真实音频做口型小样，或切对方AI动态反应/书插镜","画外对白关系清楚；可见说话嘴部不假静止","先2–4秒小样，不投整片","NOT_RUN"
"R06","口型与声音错位或多余牙舌","核D编号、实际音频和剪辑起点","输入音轨/口型/剪辑","先修错轨/起点，再重做问题句；或画外对白承接","实际完整看该句开始/停顿/结束和脸稳定","口型失败不能勾PASS","NOT_RUN"
"R07","手指变形/递书穿透","看错误发生动作","复杂手部/交互生成","删除递物，手置画外，旧书保持柜台","整段无人手穿透、无书瞬移","只改动作，不全片重生","NOT_RUN"
"R08","生成了乱码标价/书名","看首帧和运动中文字","输入含字或生成新增","用无字首帧，片名/字幕后加；无法干净则弃用","候选整段无可读/乱码字","不以字幕盖住所有错误","NOT_RUN"
"R09","对白超时挤掉反转或结尾","查真实试读表而非计划秒数","剧本/节奏","删重复语句，重排反应，重录对应D句","最终75–90秒，反转道歉尾句完整","不要整体快放","NOT_RUN"
"R10","字幕来不及读或与口播不同","听最终D句对照SRT","字幕识别/旧稿/重定时","按真实音轨改字和时间，拆长句或删稿后重录","手机正常速度完整读懂","SRT结构通过不等于同步","NOT_RUN"
"R11","切点脸/书/色温突然跳","并排切前最后帧与切后首帧","连续性/片段选择","选同侧同光连续帧，补同书插镜或重做局部","正常连播无明显跳变","不要只用花转场遮","NOT_RUN"
"R12","三集一样的表演和对白","核EP号与各集D稿","复用边界","保留母图/样式，重新做当集声音与关键反应","每集独立冲突和选择能复述","空镜可复用，对白不整段复制","NOT_RUN"
"R13","只有静图缩放却称AI短剧毕业","看主要叙事素材来源与动作","交付阶段","保留为预演，实际做AI动态人物表情/动作再验收","主要叙事为AI动态表演，声音字幕完整","未完成阶段保持NOT_RUN","NOT_RUN"
"R14","导出末尾黑帧或截声音","完整看真实导出末段","剪辑边界/导出","回项目补齐尾帧/音轨，重导出","最后一句完整，末帧停留后结束","改了导出必须再看该文件","NOT_RUN"

