"record_id","episode","shot_id","stage","tool","model_or_version","actual_date","attempt","plan_max_attempts","plan_limit","unit","actual_charge","bill_evidence","usable_clip_seconds","accepted","reject_reason","active_minutes","rights_note","status"
"C01","EP01","S01","AI_video_candidate","","","","","2","学员生成前填写","credits_or_CNY","","","","","","","当前价格/许可待本人核对","NOT_RUN"
"C02","EP01","S02","AI_video_candidate","","","","","2","学员生成前填写","credits_or_CNY","","","","","","","当前价格/许可待本人核对","NOT_RUN"
"C03","EP01","S03","AI_video_candidate","","","","","2","学员生成前填写","credits_or_CNY","","","","","","","当前价格/许可待本人核对","NOT_RUN"
"C04","EP01","S04","AI_video_candidate","","","","","2","学员生成前填写","credits_or_CNY","","","","","","","当前价格/许可待本人核对","NOT_RUN"
"C05","EP01","S05","AI_video_candidate","","","","","2","学员生成前填写","credits_or_CNY","","","","","","","当前价格/许可待本人核对","NOT_RUN"
"C06","EP01","S06","AI_video_candidate","","","","","2","学员生成前填写","credits_or_CNY","","","","","","","当前价格/许可待本人核对","NOT_RUN"
"C07","EP01","S07","AI_video_candidate","","","","","2","学员生成前填写","credits_or_CNY","","","","","","","当前价格/许可待本人核对","NOT_RUN"
"C08","EP01","S08","AI_video_candidate","","","","","2","学员生成前填写","credits_or_CNY","","","","","","","当前价格/许可待本人核对","NOT_RUN"
"C09","EP01","all","voice_recording","","","","","","","","","","","","","","自己录/参与成人同意；工具配音许可另核","NOT_RUN"
"C10","EP01","all","editor_export","","","","","","","","","","","","","","实际软件/模板/音乐/导出费用另核","NOT_RUN"
"C11","EP02","all","episode_total","","","","","","","","","","","","","","不要复制EP01实际费用","NOT_RUN"
"C12","EP03","all","episode_total","","","","","","","","","","","","","","无真实扣费不填0或模拟数","NOT_RUN"

