"episode","cue_id","speaker","plan_window_s","actual_read_s","actual_pause_after_s","actual_file","version","date","operator","change_note","status"
"EP01","D01","许远","3.2","","","","plan-v1","","","计划窗口不是读稿实测","NOT_RUN"
"EP01","D02","许远","3.4","","","","plan-v1","","","计划窗口不是读稿实测","NOT_RUN"
"EP01","D03","许远","3.3","","","","plan-v1","","","计划窗口不是读稿实测","NOT_RUN"
"EP01","D04","林岚","2.8","","","","plan-v1","","","计划窗口不是读稿实测","NOT_RUN"
"EP01","D05","林岚","3.4","","","","plan-v1","","","计划窗口不是读稿实测","NOT_RUN"
"EP01","D06","许远","3.2","","","","plan-v1","","","计划窗口不是读稿实测","NOT_RUN"
"EP01","D07","许远","3.6","","","","plan-v1","","","计划窗口不是读稿实测","NOT_RUN"
"EP01","D08","林岚","3.4","","","","plan-v1","","","计划窗口不是读稿实测","NOT_RUN"
"EP01","D09","林岚","4.5","","","","plan-v1","","","计划窗口不是读稿实测","NOT_RUN"
"EP01","D10","许远","3.0","","","","plan-v1","","","计划窗口不是读稿实测","NOT_RUN"
"EP01","D11","许远","4.0","","","","plan-v1","","","计划窗口不是读稿实测","NOT_RUN"
"EP01","D12","林岚","2.8","","","","plan-v1","","","计划窗口不是读稿实测","NOT_RUN"
"EP01","D13","林岚","4.0","","","","plan-v1","","","计划窗口不是读稿实测","NOT_RUN"
"EP01","D14","许远","1.6","","","","plan-v1","","","计划窗口不是读稿实测","NOT_RUN"
"EP01","D15","许远","2.6","","","","plan-v1","","","计划窗口不是读稿实测","NOT_RUN"
"EP01","D16","林岚","3.0","","","","plan-v1","","","计划窗口不是读稿实测","NOT_RUN"
