project_id,title,estimated_minutes,status,evidence,next_step
"workshop-office-ppt-template","沿用四页 PPT 模板：把空页面变成社区电脑课","60","未开始","",""
"workshop-office-sales-deck","八行虚构销售数据：先核对数字，再做六页汇报 PPT","90","未开始","",""
"workshop-office-workbuddy-doc-pack","WorkBuddy：同一份事实，交付通知、经理简报与FAQ","75","未开始","",""
"workshop-office-english-reading-pack","英语分层阅读包：同一故事做A2、B1学生版与教师答案","80","未开始","",""
"workshop-video-series","三条 30 秒英语知识系列：从定位、脚本到一致的分镜","95","未开始","",""
"workshop-video-static-motion","30 秒课堂作品展示：静态图关键帧与一镜图生视频的成本对比","75","未开始","",""
"workshop-video-subtitles","中英口播字幕校对：用真实 SRT 完成导入与逐句复核","60","未开始","",""
"workshop-video-publish-review","同一作品的四平台封面、标题与发布前清单：离线复盘练习","50","未开始","",""
"workshop-tools-harness-batch","Harness 批量整理：三份材料变成有清单的标准任务单","90","未开始","",""
"workshop-tools-skill-lifecycle","一项 Skill 的完整试用：发现原项目、安装小范围、改规则与回退","100","未开始","",""
"workshop-tools-anygent-lesson-project","Anygent 完整教案项目：电脑建工作台，手机接续，回电脑签收","120","未开始","",""
"workshop-tools-feishu-reviewed-report","飞书多维表日报项目：五条有效记录、人工审核、按钮推送设计","110","未开始","",""
"workshop-drama-first-episode","第一集84秒原创短剧：《不卖的旧书》从剧本做到本地成片","210","未开始","",""
"workshop-drama-three-episodes","三集连续短剧《柜台这边》：从首集到可复用的制作规范","360","未开始","",""
