镜头,开始秒,结束秒,台词,画面,素材来源,生成尝试次数,实际扣积分,最终采用生成秒数,制作分钟,备注
1,0,4,"borrow和lend都是借，怎么选？",问题卡,原创文字卡,0,0,0,,
2,4,12,"borrow是借进来：I borrow a pen from you.",箭头指向自己,原创卡片,0,0,0,,
3,12,20,"lend是借出去：You lend a pen to me.",箭头指向对方,原创卡片,0,0,0,,
4,20,34,同一支笔从你的角度看是lend，从我的角度看是borrow,自己拍笔的传递,原创拍摄,0,0,0,,复杂手部可自己拍
5,34,44,Could you ___ me your pen?,填空卡,原创文字卡,0,0,0,,停留供观众思考
6,44,50,答案是lend，记住借出去。,答案卡,原创文字卡,0,0,0,,逐句核对字幕
记录项,数值,单位,口径,说明,,,,,,
本月实付总额,,元,订阅加额外积分包加素材授权等,不与积分成本重复相加,,,,,,
本月完成作品数,,条,可用成片,无成片时不除以零,,,,,,
每条现金成本,,元,本月实付总额除以完成作品数,,,,,,,
每可用生成秒积分,,积分每秒,本次扣积分除以采用生成秒数,无可用镜头时记录无可用镜头,,,,,,
下一条只改一个变量,,,开头或字幕或镜头,,,,,,,
